,Genre,avg_precision,avg_recall,avg_f1_score
0,Blues,0.883,0.895,0.88900006
1,Classical,0.93200004,0.9620001,0.94399995
2,Country,0.82800007,0.829,0.82800007
3,Disco,0.87999994,0.862,0.87200004
4,Hiphop,0.90999997,0.884,0.896
5,Jazz,0.892,0.896,0.89299995
6,Metal,0.90999997,0.94399995,0.9280001
7,Pop,0.89800006,0.879,0.88900006
8,Reggae,0.883,0.87399995,0.87799996
9,Rock,0.805,0.79599994,0.79899997
