,Genre,avg_precision,avg_recall,avg_f1_score
0,Blues,0.864,0.87299997,0.8690001
1,Classical,0.923,0.94500005,0.934
2,Country,0.809,0.864,0.834
3,Disco,0.855,0.888,0.871
4,Hiphop,0.941,0.8420001,0.888
5,Jazz,0.834,0.89699996,0.864
6,Metal,0.908,0.93099993,0.9210001
7,Pop,0.891,0.862,0.8740001
8,Reggae,0.85,0.871,0.86
9,Rock,0.853,0.747,0.79499996
