,Genre,avg_precision,avg_recall,avg_f1_score
0,Electronic,0.0009999999,0.0019999999,0.0
1,Experimental,0.432,0.368,0.394
2,Folk,0.38500002,0.42600003,0.40399998
3,HipHop,0.47100002,0.57799995,0.518
4,Instrumental,0.0,0.0039999997,0.0019999999
5,International,0.0019999999,0.0019999999,0.0009999999
6,Pop,0.26599997,0.189,0.21900001
7,Rock,0.423,0.4,0.41
