,Genre,avg_precision,avg_recall,avg_f1_score
0,Electronic,0.52199996,0.56200004,0.54
1,Experimental,0.31399998,0.34899998,0.329
2,Folk,0.17,0.162,0.16599998
3,Hip-Hop,0.68200004,0.762,0.71900004
4,Instrumental,0.45899996,0.422,0.43800002
5,International,0.564,0.48199996,0.519
6,Pop,0.332,0.344,0.33699998
7,Rock,0.59099996,0.529,0.55700004
