,Genre,avg_precision,avg_recall,avg_f1_score
0,Electronic,0.11600001,0.117,0.098000005
1,Experimental,0.506,0.38200003,0.432
2,Folk,0.602,0.611,0.609
3,HipHop,0.709,0.748,0.727
4,Instrumental,0.17,0.28399998,0.193
5,International,0.17,0.299,0.199
6,Pop,0.377,0.295,0.331
7,Rock,0.58,0.56700003,0.57
