,Genre,avg_precision,avg_recall,avg_f1_score
0,Electronic,0.16899998,0.16700001,0.16699998
1,Experimental,0.16800001,0.16699998,0.16800001
2,Folk,0.10599999,0.107999995,0.10699999
3,Hip-Hop,0.159,0.16800001,0.16299999
4,Instrumental,0.184,0.17599998,0.18
5,International,0.124,0.131,0.12799999
6,Pop,0.137,0.13299999,0.13299999
7,Rock,0.176,0.17300001,0.17300001
