,Genre,avg_precision,avg_recall,avg_f1_score
0,Electronic,0.311,0.34,0.324
1,Experimental,0.198,0.14199999,0.16499999
2,Folk,0.16,0.19000001,0.172
3,Hip-Hop,0.32799998,0.33599997,0.33199996
4,Instrumental,0.27699998,0.23999998,0.25599998
5,International,0.169,0.13299999,0.151
6,Pop,0.16299999,0.18900001,0.17499998
7,Rock,0.308,0.356,0.33099997
