,Genre,avg_precision,avg_recall,avg_f1_score
0,Electronic,0.501,0.594,0.544
1,Experimental,0.285,0.287,0.28599998
2,Folk,0.23099999,0.258,0.246
3,Hip-Hop,0.58300006,0.66899997,0.624
4,Instrumental,0.46999997,0.42600003,0.446
5,International,0.48499998,0.43899998,0.45999995
6,Pop,0.42600003,0.33200002,0.372
7,Rock,0.65999997,0.628,0.643
