,Genre,avg_precision,avg_recall,avg_f1_score
0,Electronic,0.43400002,0.54499996,0.48299998
1,Experimental,0.26299998,0.23799999,0.249
2,Folk,0.26,0.27499998,0.268
3,Hip-Hop,0.51199996,0.611,0.55600005
4,Instrumental,0.45999995,0.41600004,0.43699998
5,International,0.47100002,0.475,0.47299996
6,Pop,0.354,0.246,0.29
7,Rock,0.633,0.611,0.62200004
